ID,Peer,Date,Time,State
1,wilfredo,2022-01-03,10:00:00,1
2,wilfredo,2022-01-03,11:59:00,2
3,romainez,2022-02-01,11:59:00,1
4,romainez,2022-02-01,23:49:00,2
5,valeryje,2022-03-29,00:01:00,1
6,valeryje,2022-03-29,10:00:00,2
7,medaelis,2022-03-18,12:01:00,1
8,medaelis,2022-03-18,20:00:00,2
9,maryamgr,2022-04-14,14:00:00,1
10,maryamgr,2022-04-14,19:00:00,2
11,abzorbal,2022-04-11,13:00:00,1
12,abzorbal,2022-04-11,13:01:00,2
13,alessand,2022-05-25,09:00:00,1
14,alessand,2022-05-25,11:00:00,2
15,johniety,2022-05-29,10:00:00,1
16,johniety,2022-05-29,11:00:00,2
17,suzibill,2022-06-09,13:00:00,1
18,suzibill,2022-06-09,18:00:00,2
19,delilahl,2022-07-15,10:00:00,1
20,delilahl,2022-07-15,12:30:00,2
21,casimira,2022-08-30,11:00:00,1
22,casimira,2022-08-30,12:30:00,2
23,casimira,2022-09-12,10:00:00,1
24,casimira,2022-09-12,11:00:00,2
25,tawandan,2022-09-30,12:30:00,1
26,tawandan,2022-09-30,12:31:00,2
27,hubertfu,2022-10-09,09:00:00,1
28,hubertfu,2022-10-09,09:30:00,2
29,hubertfu,2022-10-09,12:30:00,1
30,hubertfu,2022-10-09,13:30:00,2
31,penanceg,2022-10-09,09:30:00,1
32,penanceg,2022-10-09,10:00:00,2
33,penanceg,2022-11-11,10:00:00,1
34,penanceg,2022-11-11,10:00:00,2
35,yohncarl,2022-12-11,10:00:00,1
36,yohncarl,2022-12-11,12:00:00,2
37,wilfredo,2022-12-20,12:00:00,1
38,medaelis,2022-12-21,10:00:00,1
39,wilfredo,2022-12-21,11:00:00,2
40,medaelis,2022-12-22,01:00:00,2
